[
  {
    "value": "3",
    "synonyms": [
      "3",
      "-3",
      "to 3ct",
      "-3ct",
      "1-3ct",
      "till 3ct",
      "less than 3ct",
      "less than eqaul to 3 ct"
    ]
  },
  {
    "value": "10.5",
    "synonyms": [
      "10.5",
      "+ct",
      "ct+",
      "any range",
      "1+ct",
      "0.5+ct",
      "0.5ct+"
    ]
  },
  {
    "value": "0.50",
    "synonyms": [
      "0.50",
      "0.5ct",
      ".5ct",
      "0.50ct",
      "-0.50",
      "-.5ct",
      "-0.50ct"
    ]
  },
  {
    "value": "1.50",
    "synonyms": [
      "1.50",
      "1.5ct",
      "1.50 carat",
      "1.50 weight",
      "1.5 wt",
      "-1.50"
    ]
  },
  {
    "value": "1.25",
    "synonyms": [
      "1.25",
      "1.25 ct",
      "1.25 weight",
      "1.25 wt",
      "-1.25",
      "-1.25ct"
    ]
  }
]