[
  {
    "value": "RD",
    "synonyms": [
      "round brilliant",
      "brilliant",
      "RD",
      "BR",
      "R",
      "RB",
      "roundbrilliant",
      "brilliantcut",
      "રાઉન્ડ તેજસ્વી",
      "રાઉન્ડ બ્રિલિયન્ટ"
    ]
  },
  {
    "value": "OV",
    "synonyms": [
      "OV",
      "Oval",
      "OC",
      "Ovel",
      "OL",
      "O",
      "ovl",
      "OVL",
      "અંડાકાર"
    ]
  },
  {
    "value": "EM",
    "synonyms": [
      "Emerald",
      "EM",
      "EMRD",
      "EC",
      "emd",
      "EMD",
      "નીલમણિ",
      "પન્ના"
    ]
  },
  {
    "value": "CU",
    "synonyms": [
      "Cushion modified",
      "CMB",
      "CM",
      "CS",
      "cushion",
      "CU"
    ]
  },
  {
    "value": "PR",
    "synonyms": [
      "princess",
      "PR",
      "PC",
      "પ્રિન્સેસ"
    ]
  },
  {
    "value": "PS",
    "synonyms": [
      "paer",
      "per",
      "PS",
      "પિઅર"
    ]
  },
  {
    "value": "RA",
    "synonyms": [
      "RA",
      "radiant",
      "RAD",
      "તેજસ્વી"
    ]
  },
  {
    "value": "MQ",
    "synonyms": [
      "MQ",
      "marquise",
      "MAR",
      "માર્ક્વિઝ"
    ]
  },
  {
    "value": "AS",
    "synonyms": [
      "AS",
      "ashcher",
      "asscher",
      "ASSC",
      "એશેર"
    ]
  },
  {
    "value": "HS",
    "synonyms": [
      "HS",
      "heart",
      "HRT",
      "love",
      "HR",
      "HC",
      "H",
      "હૃદય"
    ]
  },
  {
    "value": "TR",
    "synonyms": [
      "TRI",
      "triangle",
      "TR",
      "ત્રિકોણ",
      "ત્રિકોણાકાર"
    ]
  }
]