[
  {
    "value": "FL",
    "synonyms": [
      "FL",
      "fl"
    ]
  },
  {
    "value": "IF",
    "synonyms": [
      "IF",
      "FL-",
      "if",
      "IF-",
      "FL+",
      "IF+"
    ]
  },
  {
    "value": "VVS1",
    "synonyms": [
      "VVS1",
      "vvs1",
      "VvS1",
      "VVs1",
      "Vvs1",
      "vVS1",
      "vvs2-",
      "VVS2-",
      "VV"
    ]
  },
  {
    "value": "VVS2",
    "synonyms": [
      "VVS2",
      "vvs2",
      "vvs1+",
      "VVS1+",
      "Vvs2",
      "VVs2"
    ]
  },
  {
    "value": "VS1",
    "synonyms": [
      "VS1",
      "VS1+",
      "VS1-",
      "vs1",
      "vs1+",
      "Vs1",
      "vS1",
      "VS",
      "Vs"
    ]
  },
  {
    "value": "SI1",
    "synonyms": [
      "SI1",
      "Si1",
      "si1",
      "si",
      "si1-",
      "si1+"
    ]
  },
  {
    "value": "SI2",
    "synonyms": [
      "SI2",
      "si2",
      "Si2",
      "sI2+",
      "Si2+",
      "SI2-"
    ]
  },
  {
    "value": "I1",
    "synonyms": [
      "I1",
      "I1+",
      "i1+",
      "i+",
      "I!",
      "I1-"
    ]
  },
  {
    "value": "I2",
    "synonyms": [
      "I2",
      "I@",
      "I2+",
      "i2",
      "i2-",
      "I2-"
    ]
  },
  {
    "value": "I3",
    "synonyms": [
      "I3",
      "i3",
      "I#",
      "i#",
      "I3+",
      "I3-",
      "i3+",
      "i3-"
    ]
  }
]