[
  {
    "value": "N",
    "synonyms": [
      "N",
      "None",
      "Nan",
      "No"
    ]
  },
  {
    "value": "F",
    "synonyms": [
      "F",
      "Faint",
      "Fnt"
    ]
  },
  {
    "value": "M",
    "synonyms": [
      "M",
      "Medium",
      "Medium yellow"
    ]
  },
  {
    "value": "S",
    "synonyms": [
      "S",
      "Strong",
      "Str",
      "Strong yellow",
      "St"
    ]
  },
  {
    "value": "VS",
    "synonyms": [
      "VS",
      "VST",
      "Very Strong",
      "VSTG",
      "Very Strong BL"
    ]
  }
]