[
  {
    "id": "87c7819f-9152-48f8-830c-10e76bc8e39b",
    "data": [
      {
        "text": "looking for ",
        "userDefined": false
      },
      {
        "text": "cushion",
        "meta": "@diamond_shape",
        "alias": "diamond_shape",
        "userDefined": false
      },
      {
        "text": " ",
        "userDefined": false
      },
      {
        "text": "2",
        "meta": "@ct_min",
        "alias": "ct_min",
        "userDefined": false
      },
      {
        "text": "-",
        "userDefined": false
      },
      {
        "text": "2.5",
        "meta": "@ct_max",
        "alias": "ct_max",
        "userDefined": false
      },
      {
        "text": "ct with ",
        "userDefined": false
      },
      {
        "text": "SI1+",
        "meta": "@diamond_clarity",
        "alias": "diamond_clarity",
        "userDefined": false
      },
      {
        "text": " and ",
        "userDefined": false
      },
      {
        "text": "E-",
        "meta": "@diamond_color",
        "alias": "diamond_color",
        "userDefined": false
      },
      {
        "text": "H",
        "meta": "@diamond_color",
        "alias": "diamond_color",
        "userDefined": false
      },
      {
        "text": " color range",
        "userDefined": false
      }
    ],
    "isTemplate": false,
    "count": 0,
    "lang": "en",
    "updated": 0
  },
  {
    "id": "0ef5297a-2e0f-4484-93a2-c10e5131a950",
    "data": [
      {
        "text": "can i get ",
        "userDefined": false
      },
      {
        "text": "colourless",
        "meta": "@diamond_color",
        "alias": "diamond_color",
        "userDefined": true
      },
      {
        "text": " ",
        "userDefined": false
      },
      {
        "text": "1",
        "meta": "@ct_max",
        "alias": "ct_max",
        "userDefined": false
      },
      {
        "text": "ct ",
        "userDefined": false
      },
      {
        "text": "rb",
        "meta": "@diamond_shape",
        "alias": "diamond_shape",
        "userDefined": false
      },
      {
        "text": " diamonds with ",
        "userDefined": false
      },
      {
        "text": "vvs1+",
        "meta": "@diamond_clarity",
        "alias": "diamond_clarity",
        "userDefined": false
      },
      {
        "text": " clarity and ",
        "userDefined": false
      },
      {
        "text": "vg",
        "meta": "@diamond_cut",
        "alias": "diamond_cut",
        "userDefined": false
      },
      {
        "text": " cut having price less than ",
        "userDefined": false
      },
      {
        "text": "3000",
        "meta": "@price_max",
        "alias": "price_max",
        "userDefined": false
      }
    ],
    "isTemplate": false,
    "count": 0,
    "lang": "en",
    "updated": 0
  },
  {
    "id": "f9ef9519-21b8-447d-8978-389cb735861f",
    "data": [
      {
        "text": "can i get ",
        "userDefined": false
      },
      {
        "text": "colourless",
        "meta": "@diamond_color",
        "alias": "diamond_color",
        "userDefined": false
      },
      {
        "text": " ",
        "userDefined": false
      },
      {
        "text": "rb",
        "meta": "@diamond_shape",
        "alias": "diamond_shape",
        "userDefined": false
      },
      {
        "text": " diamonds with ",
        "userDefined": false
      },
      {
        "text": "vvs1+",
        "meta": "@diamond_clarity",
        "alias": "diamond_clarity",
        "userDefined": false
      },
      {
        "text": " clarity and ",
        "userDefined": false
      },
      {
        "text": "vg",
        "meta": "@diamond_cut",
        "alias": "diamond_cut",
        "userDefined": false
      },
      {
        "text": " cut having price less than ",
        "userDefined": false
      },
      {
        "text": "3000",
        "meta": "@price_max",
        "alias": "price_max",
        "userDefined": false
      }
    ],
    "isTemplate": false,
    "count": 0,
    "lang": "en",
    "updated": 0
  },
  {
    "id": "acc5d10d-2e62-4d17-8cf3-0f4da4a3fadd",
    "data": [
      {
        "text": "can i get ",
        "userDefined": false
      },
      {
        "text": "colourless",
        "meta": "@diamond_color",
        "alias": "diamond_color",
        "userDefined": false
      },
      {
        "text": " ",
        "userDefined": false
      },
      {
        "text": "rb",
        "meta": "@diamond_shape",
        "alias": "diamond_shape",
        "userDefined": false
      },
      {
        "text": " diamonds with ",
        "userDefined": false
      },
      {
        "text": "vvs1+",
        "meta": "@diamond_clarity",
        "alias": "diamond_clarity",
        "userDefined": false
      },
      {
        "text": " clarity and ",
        "userDefined": false
      },
      {
        "text": "vg",
        "meta": "@diamond_cut",
        "alias": "diamond_cut",
        "userDefined": false
      },
      {
        "text": " cut having ",
        "userDefined": false
      },
      {
        "text": "price",
        "userDefined": false
      },
      {
        "text": " ",
        "userDefined": false
      },
      {
        "text": "2000",
        "meta": "@price_min",
        "alias": "price_min",
        "userDefined": false
      },
      {
        "text": "-",
        "userDefined": false
      },
      {
        "text": "3000",
        "meta": "@price_max",
        "alias": "price_max",
        "userDefined": true
      }
    ],
    "isTemplate": false,
    "count": 0,
    "lang": "en",
    "updated": 0
  },
  {
    "id": "12d8772d-dfa3-401a-b148-a820a8cf4eff",
    "data": [
      {
        "text": "can i get ",
        "userDefined": false
      },
      {
        "text": "colourless",
        "meta": "@diamond_color",
        "alias": "diamond_color",
        "userDefined": true
      },
      {
        "text": " ",
        "userDefined": false
      },
      {
        "text": "rb",
        "meta": "@diamond_shape",
        "alias": "diamond_shape",
        "userDefined": false
      },
      {
        "text": " diamonds with ",
        "userDefined": false
      },
      {
        "text": "vvs1+",
        "meta": "@diamond_clarity",
        "alias": "diamond_clarity",
        "userDefined": false
      },
      {
        "text": " clarity and ",
        "userDefined": false
      },
      {
        "text": "vg",
        "meta": "@diamond_cut",
        "alias": "diamond_cut",
        "userDefined": false
      },
      {
        "text": " cut",
        "userDefined": false
      }
    ],
    "isTemplate": false,
    "count": 0,
    "lang": "en",
    "updated": 0
  },
  {
    "id": "0fc25f85-62d4-4d14-80a7-fd39369444fe",
    "data": [
      {
        "text": "શું તમે મને ",
        "userDefined": false
      },
      {
        "text": "VVS1",
        "meta": "@diamond_clarity",
        "alias": "diamond_clarity",
        "userDefined": false
      },
      {
        "text": " સ્પષ્ટતા, ",
        "userDefined": false
      },
      {
        "text": "D",
        "meta": "@diamond_color",
        "alias": "diamond_color",
        "userDefined": true
      },
      {
        "text": " રંગ અને ",
        "userDefined": false
      },
      {
        "text": "VG",
        "meta": "@diamond_cut",
        "alias": "diamond_cut",
        "userDefined": false
      },
      {
        "text": " કટ સાથે ",
        "userDefined": false
      },
      {
        "text": "0.5",
        "meta": "@ct_min",
        "alias": "ct_min",
        "userDefined": true
      },
      {
        "text": " વજનનો ",
        "userDefined": false
      },
      {
        "text": "CU",
        "meta": "@diamond_shape",
        "alias": "diamond_shape",
        "userDefined": false
      },
      {
        "text": " હીરા બતાવી શકો છો?",
        "userDefined": false
      }
    ],
    "isTemplate": false,
    "count": 0,
    "lang": "en",
    "updated": 0
  },
  {
    "id": "1d43138c-7778-46e7-b1e5-f7c3916d9650",
    "data": [
      {
        "text": "H oval",
        "meta": "@diamond_shape",
        "alias": "diamond_shape",
        "userDefined": true
      },
      {
        "text": " ",
        "userDefined": false
      },
      {
        "text": "1.5",
        "meta": "@ct_min",
        "alias": "ct_min",
        "userDefined": false
      },
      {
        "text": "-",
        "userDefined": false
      },
      {
        "text": "2",
        "meta": "@ct_max",
        "alias": "ct_max",
        "userDefined": false
      },
      {
        "text": "ct ",
        "userDefined": false
      },
      {
        "text": "vs",
        "meta": "@diamond_clarity",
        "alias": "diamond_clarity",
        "userDefined": false
      },
      {
        "text": "2",
        "meta": "@diamond_clarity",
        "alias": "diamond_clarity",
        "userDefined": false
      },
      {
        "text": " ",
        "userDefined": false
      },
      {
        "text": "ex",
        "meta": "@diamond_cut",
        "alias": "diamond_cut",
        "userDefined": false
      },
      {
        "text": " ",
        "userDefined": false
      },
      {
        "text": "ex",
        "meta": "@diamond_polish",
        "alias": "diamond_polish",
        "userDefined": false
      },
      {
        "text": " ",
        "userDefined": false
      },
      {
        "text": "d-",
        "meta": "@diamond_color",
        "alias": "diamond_color",
        "userDefined": false
      },
      {
        "text": "f ",
        "userDefined": false
      },
      {
        "text": "vg+",
        "meta": "@diamond_clarity",
        "alias": "diamond_clarity",
        "userDefined": true
      },
      {
        "text": " ",
        "userDefined": false
      },
      {
        "text": "2k",
        "meta": "@price_min",
        "alias": "price_min",
        "userDefined": true
      },
      {
        "text": "-",
        "userDefined": false
      },
      {
        "text": "3k",
        "meta": "@price_max",
        "alias": "price_max",
        "userDefined": true
      }
    ],
    "isTemplate": false,
    "count": 0,
    "lang": "en",
    "updated": 0
  },
  {
    "id": "ae9e0684-1285-416d-b0fe-8e20365ee55c",
    "data": [
      {
        "text": "C emd",
        "meta": "@diamond_shape",
        "alias": "diamond_shape",
        "userDefined": true
      },
      {
        "text": " ",
        "userDefined": false
      },
      {
        "text": "1",
        "meta": "@ct_min",
        "alias": "ct_min",
        "userDefined": false
      },
      {
        "text": "ct+ ",
        "userDefined": false
      },
      {
        "text": "si1+",
        "meta": "@diamond_clarity",
        "alias": "diamond_clarity",
        "userDefined": false
      },
      {
        "text": " ",
        "userDefined": false
      },
      {
        "text": "d-",
        "meta": "@diamond_color",
        "alias": "diamond_color",
        "userDefined": false
      },
      {
        "text": "k",
        "meta": "@diamond_color",
        "alias": "diamond_color",
        "userDefined": false
      },
      {
        "text": " ",
        "userDefined": false
      },
      {
        "text": "ex",
        "meta": "@diamond_cut",
        "alias": "diamond_cut",
        "userDefined": false
      },
      {
        "text": " ",
        "userDefined": false
      },
      {
        "text": "ex",
        "meta": "@diamond_polish",
        "alias": "diamond_polish",
        "userDefined": false
      },
      {
        "text": " ",
        "userDefined": false
      },
      {
        "text": "none",
        "meta": "@diamond_symmetry",
        "alias": "diamond_symmetry",
        "userDefined": false
      }
    ],
    "isTemplate": false,
    "count": 1,
    "lang": "en",
    "updated": 0
  },
  {
    "id": "2f44b7a0-e455-4c08-a699-77243aaf7946",
    "data": [
      {
        "text": "Can you show me a ",
        "userDefined": false
      },
      {
        "text": "pair",
        "meta": "@sys.number-integer",
        "alias": "number-integer",
        "userDefined": false
      },
      {
        "text": " of ",
        "userDefined": false
      },
      {
        "text": "princess",
        "meta": "@diamond_shape",
        "alias": "diamond_shape",
        "userDefined": false
      },
      {
        "text": " cut diamonds, each weighing ",
        "userDefined": false
      },
      {
        "text": "1.75",
        "meta": "@ct_max",
        "alias": "ct_max",
        "userDefined": true
      },
      {
        "text": " ct with ",
        "userDefined": false
      },
      {
        "text": "VVS2",
        "meta": "@diamond_clarity",
        "alias": "diamond_clarity",
        "userDefined": false
      },
      {
        "text": " clarity, ",
        "userDefined": false
      },
      {
        "text": "E",
        "meta": "@diamond_color",
        "alias": "diamond_color",
        "userDefined": false
      },
      {
        "text": " color, and ",
        "userDefined": false
      },
      {
        "text": "Very Good",
        "meta": "@diamond_symmetry",
        "alias": "diamond_symmetry",
        "userDefined": false
      },
      {
        "text": " cut having price more than ",
        "userDefined": false
      },
      {
        "text": "3000",
        "meta": "@price_min",
        "alias": "price_min",
        "userDefined": true
      },
      {
        "text": "?",
        "userDefined": false
      }
    ],
    "isTemplate": false,
    "count": 0,
    "lang": "en",
    "updated": 0
  },
  {
    "id": "dd31afd3-a674-4b1a-8a07-0ebdf447003a",
    "data": [
      {
        "text": "RB",
        "meta": "@diamond_shape",
        "alias": "diamond_shape",
        "userDefined": true
      },
      {
        "text": " ",
        "userDefined": false
      },
      {
        "text": "2",
        "meta": "@ct_min",
        "alias": "ct_min",
        "userDefined": true
      },
      {
        "text": "-",
        "userDefined": false
      },
      {
        "text": "3",
        "meta": "@ct_max",
        "alias": "ct_max",
        "userDefined": true
      },
      {
        "text": "ct ",
        "userDefined": false
      },
      {
        "text": "vs1",
        "meta": "@diamond_clarity",
        "alias": "diamond_clarity",
        "userDefined": true
      },
      {
        "text": " ",
        "userDefined": false
      },
      {
        "text": "ex",
        "meta": "@diamond_cut",
        "alias": "diamond_cut",
        "userDefined": true
      },
      {
        "text": " ",
        "userDefined": false
      },
      {
        "text": "ex",
        "meta": "@diamond_polish",
        "alias": "diamond_polish",
        "userDefined": true
      },
      {
        "text": " ",
        "userDefined": false
      },
      {
        "text": "d-f",
        "meta": "@diamond_color",
        "alias": "diamond_color",
        "userDefined": true
      }
    ],
    "isTemplate": false,
    "count": 0,
    "lang": "en",
    "updated": 0
  },
  {
    "id": "fdca9001-e7e9-4cf9-8187-d2274215c689",
    "data": [
      {
        "text": "RB",
        "meta": "@diamond_shape",
        "alias": "diamond_shape",
        "userDefined": true
      },
      {
        "text": " ",
        "userDefined": false
      },
      {
        "text": "0.5",
        "meta": "@ct_min",
        "alias": "ct_min",
        "userDefined": true
      },
      {
        "text": "-",
        "userDefined": false
      },
      {
        "text": "1",
        "meta": "@ct_max",
        "alias": "ct_max",
        "userDefined": true
      },
      {
        "text": "ct ",
        "userDefined": false
      },
      {
        "text": "vs2+",
        "meta": "@diamond_clarity",
        "alias": "diamond_clarity",
        "userDefined": true
      },
      {
        "text": " ",
        "userDefined": false
      },
      {
        "text": "ex",
        "meta": "@diamond_cut",
        "alias": "diamond_cut",
        "userDefined": true
      },
      {
        "text": " ",
        "userDefined": false
      },
      {
        "text": "ex",
        "meta": "@diamond_polish",
        "alias": "diamond_polish",
        "userDefined": true
      },
      {
        "text": " ",
        "userDefined": false
      },
      {
        "text": "d-f",
        "meta": "@diamond_color",
        "alias": "diamond_color",
        "userDefined": true
      }
    ],
    "isTemplate": false,
    "count": 0,
    "lang": "en",
    "updated": 0
  },
  {
    "id": "0e72cb7a-5d9f-492c-b584-e77c260c0751",
    "data": [
      {
        "text": "L ",
        "userDefined": false
      },
      {
        "text": "pear",
        "meta": "@diamond_shape",
        "alias": "diamond_shape",
        "userDefined": false
      },
      {
        "text": " ",
        "userDefined": false
      },
      {
        "text": "1",
        "meta": "@ct_min",
        "alias": "ct_min",
        "userDefined": false
      },
      {
        "text": "-",
        "userDefined": false
      },
      {
        "text": "1.5",
        "meta": "@ct_max",
        "alias": "ct_max",
        "userDefined": true
      },
      {
        "text": "ct ",
        "userDefined": false
      },
      {
        "text": "si2+",
        "meta": "@diamond_clarity",
        "alias": "diamond_clarity",
        "userDefined": false
      },
      {
        "text": " ",
        "userDefined": false
      },
      {
        "text": "ex",
        "meta": "@diamond_cut",
        "alias": "diamond_cut",
        "userDefined": false
      },
      {
        "text": " ",
        "userDefined": false
      },
      {
        "text": "ex",
        "meta": "@diamond_polish",
        "alias": "diamond_polish",
        "userDefined": false
      },
      {
        "text": " ",
        "userDefined": false
      },
      {
        "text": "d-j",
        "meta": "@diamond_color",
        "alias": "diamond_color",
        "userDefined": true
      }
    ],
    "isTemplate": false,
    "count": 0,
    "lang": "en",
    "updated": 0
  },
  {
    "id": "d2278e93-9df5-46f2-9b40-d8cbeec88eea",
    "data": [
      {
        "text": "ASSC",
        "meta": "@diamond_shape",
        "alias": "diamond_shape",
        "userDefined": false
      },
      {
        "text": " ",
        "userDefined": false
      },
      {
        "text": "2",
        "meta": "@ct_min",
        "alias": "ct_min",
        "userDefined": false
      },
      {
        "text": "-3",
        "meta": "@ct_max",
        "alias": "ct_max",
        "userDefined": false
      },
      {
        "text": "ct ",
        "userDefined": false
      },
      {
        "text": "si1+",
        "meta": "@diamond_clarity",
        "alias": "diamond_clarity",
        "userDefined": false
      },
      {
        "text": " ",
        "userDefined": false
      },
      {
        "text": "d-k",
        "meta": "@diamond_color",
        "alias": "diamond_color",
        "userDefined": true
      },
      {
        "text": " ",
        "userDefined": false
      },
      {
        "text": "ex",
        "meta": "@diamond_cut",
        "alias": "diamond_cut",
        "userDefined": false
      },
      {
        "text": " ",
        "userDefined": false
      },
      {
        "text": "ex",
        "meta": "@diamond_polish",
        "alias": "diamond_polish",
        "userDefined": false
      },
      {
        "text": " ",
        "userDefined": false
      },
      {
        "text": "none",
        "meta": "@diamond_symmetry",
        "alias": "diamond_symmetry",
        "userDefined": false
      }
    ],
    "isTemplate": false,
    "count": 0,
    "lang": "en",
    "updated": 0
  },
  {
    "id": "208b0e4d-abb1-430d-bb9a-9140733ebe49",
    "data": [
      {
        "text": "RB",
        "meta": "@diamond_shape",
        "alias": "diamond_shape",
        "userDefined": false
      },
      {
        "text": " ",
        "userDefined": false
      },
      {
        "text": "0.5-",
        "meta": "@ct_min",
        "alias": "ct_min",
        "userDefined": false
      },
      {
        "text": "1",
        "meta": "@ct_max",
        "alias": "ct_max",
        "userDefined": false
      },
      {
        "text": "ct ",
        "userDefined": false
      },
      {
        "text": "vs2+",
        "meta": "@diamond_clarity",
        "alias": "diamond_clarity",
        "userDefined": true
      },
      {
        "text": " ",
        "userDefined": false
      },
      {
        "text": "ex",
        "meta": "@diamond_cut",
        "alias": "diamond_cut",
        "userDefined": false
      },
      {
        "text": " ",
        "userDefined": false
      },
      {
        "text": "ex",
        "meta": "@diamond_polish",
        "alias": "diamond_polish",
        "userDefined": false
      },
      {
        "text": " ",
        "userDefined": false
      },
      {
        "text": "d-f",
        "meta": "@diamond_color",
        "alias": "diamond_color",
        "userDefined": true
      }
    ],
    "isTemplate": false,
    "count": 0,
    "lang": "en",
    "updated": 0
  },
  {
    "id": "43a60c65-36f2-463a-8ac6-95218f01dd4c",
    "data": [
      {
        "text": "Can you find me an ",
        "userDefined": false
      },
      {
        "text": "emerald",
        "meta": "@diamond_shape",
        "alias": "diamond_shape",
        "userDefined": false
      },
      {
        "text": " cut diamond with ",
        "userDefined": false
      },
      {
        "text": "1.25 ct",
        "userDefined": false
      },
      {
        "text": " weight, ",
        "userDefined": false
      },
      {
        "text": "VVS1",
        "meta": "@diamond_clarity",
        "alias": "diamond_clarity",
        "userDefined": false
      },
      {
        "text": " clarity, and ",
        "userDefined": false
      },
      {
        "text": "H",
        "meta": "@diamond_color",
        "alias": "diamond_color",
        "userDefined": false
      },
      {
        "text": " color?",
        "userDefined": false
      }
    ],
    "isTemplate": false,
    "count": 0,
    "lang": "en",
    "updated": 0
  },
  {
    "id": "a59a7627-0ca4-489e-b0b7-ebf4413e8180",
    "data": [
      {
        "text": "I need a ",
        "userDefined": false
      },
      {
        "text": "1.75",
        "meta": "@price_max",
        "alias": "price_max",
        "userDefined": true
      },
      {
        "text": " ct ",
        "userDefined": false
      },
      {
        "text": "princess",
        "meta": "@diamond_shape",
        "alias": "diamond_shape",
        "userDefined": true
      },
      {
        "text": " cut diamond with ",
        "userDefined": false
      },
      {
        "text": "SI2",
        "meta": "@diamond_clarity",
        "alias": "diamond_clarity",
        "userDefined": true
      },
      {
        "text": " clarity and ",
        "userDefined": false
      },
      {
        "text": "G",
        "meta": "@diamond_color",
        "alias": "diamond_color",
        "userDefined": true
      },
      {
        "text": " color.",
        "userDefined": false
      }
    ],
    "isTemplate": false,
    "count": 0,
    "lang": "en",
    "updated": 0
  },
  {
    "id": "e3ed0ff2-ec52-4b82-940d-3e1e366b6a93",
    "data": [
      {
        "text": "શું તમે મને ",
        "userDefined": false
      },
      {
        "text": "પ્રિન્સેસ",
        "meta": "@diamond_shape",
        "alias": "diamond_shape",
        "userDefined": true
      },
      {
        "text": " કટ હીરાની ",
        "userDefined": false
      },
      {
        "text": "જોડી",
        "meta": "@sys.number-integer",
        "alias": "number-integer",
        "userDefined": true
      },
      {
        "text": " બતાવી શકો છો, દરેકનું વજન ",
        "userDefined": false
      },
      {
        "text": "VVS2",
        "meta": "@diamond_clarity",
        "alias": "diamond_clarity",
        "userDefined": false
      },
      {
        "text": " સ્પષ્ટતા અને ",
        "userDefined": false
      },
      {
        "text": "G",
        "meta": "@diamond_color",
        "alias": "diamond_color",
        "userDefined": false
      },
      {
        "text": " રંગ સાથે ",
        "userDefined": false
      },
      {
        "text": "1.5",
        "meta": "@ct_max",
        "alias": "ct_max",
        "userDefined": false
      },
      {
        "text": " સીટી છે?",
        "userDefined": false
      }
    ],
    "isTemplate": false,
    "count": 0,
    "lang": "en",
    "updated": 0
  },
  {
    "id": "d4cfd895-8d89-441c-9553-084f30b590c9",
    "data": [
      {
        "text": "VS1+",
        "meta": "@diamond_clarity",
        "alias": "diamond_clarity",
        "userDefined": false
      },
      {
        "text": " અને ",
        "userDefined": false
      },
      {
        "text": "H-",
        "meta": "@diamond_color",
        "alias": "diamond_color",
        "userDefined": false
      },
      {
        "text": "K",
        "meta": "@diamond_color",
        "alias": "diamond_color",
        "userDefined": false
      },
      {
        "text": " રંગ શ્રેણી સાથે ",
        "userDefined": false
      },
      {
        "text": "પિઅર",
        "meta": "@diamond_shape",
        "alias": "diamond_shape",
        "userDefined": true
      },
      {
        "text": " આકાર ",
        "userDefined": false
      },
      {
        "text": "1.5",
        "meta": "@ct_min",
        "alias": "ct_min",
        "userDefined": false
      },
      {
        "text": "-",
        "userDefined": false
      },
      {
        "text": "2",
        "meta": "@ct_max",
        "alias": "ct_max",
        "userDefined": false
      },
      {
        "text": "ct શોધી રહ્યાં છીએ",
        "userDefined": false
      }
    ],
    "isTemplate": false,
    "count": 0,
    "lang": "en",
    "updated": 0
  },
  {
    "id": "bbb0eb67-2461-4a22-9e9a-21eb143d9332",
    "data": [
      {
        "text": "क्या आप मुझे ",
        "userDefined": false
      },
      {
        "text": "VVS+",
        "meta": "@diamond_clarity",
        "alias": "diamond_clarity",
        "userDefined": false
      },
      {
        "text": " और ",
        "userDefined": false
      },
      {
        "text": "DEF",
        "meta": "@diamond_color",
        "alias": "diamond_color",
        "userDefined": true
      },
      {
        "text": " के साथ ",
        "userDefined": false
      },
      {
        "text": "RB",
        "meta": "@diamond_shape",
        "alias": "diamond_shape",
        "userDefined": false
      },
      {
        "text": " ",
        "userDefined": false
      },
      {
        "text": "2ct",
        "meta": "@ct_max",
        "alias": "ct_max",
        "userDefined": true
      },
      {
        "text": " रेंज दिखा सकते हैं?",
        "userDefined": false
      }
    ],
    "isTemplate": false,
    "count": 0,
    "lang": "en",
    "updated": 0
  },
  {
    "id": "ac64c0d6-ca41-4665-83ea-c99292a13c62",
    "data": [
      {
        "text": "looking for ",
        "userDefined": false
      },
      {
        "text": "marquise",
        "meta": "@diamond_shape",
        "alias": "diamond_shape",
        "userDefined": true
      },
      {
        "text": " ",
        "userDefined": false
      },
      {
        "text": "1.2",
        "meta": "@ct_min",
        "alias": "ct_min",
        "userDefined": true
      },
      {
        "text": "-",
        "userDefined": false
      },
      {
        "text": "1.4",
        "meta": "@ct_max",
        "alias": "ct_max",
        "userDefined": true
      },
      {
        "text": "ct with ",
        "userDefined": false
      },
      {
        "text": "VS2+",
        "meta": "@diamond_clarity",
        "alias": "diamond_clarity",
        "userDefined": true
      },
      {
        "text": " and ",
        "userDefined": false
      },
      {
        "text": "D-G",
        "meta": "@diamond_color",
        "alias": "diamond_color",
        "userDefined": true
      },
      {
        "text": " color range",
        "userDefined": false
      }
    ],
    "isTemplate": false,
    "count": 1,
    "lang": "en",
    "updated": 0
  },
  {
    "id": "b9208161-a0a4-48ac-aa12-642d3a792417",
    "data": [
      {
        "text": "show me ",
        "userDefined": false
      },
      {
        "text": "oval",
        "meta": "@diamond_shape",
        "alias": "diamond_shape",
        "userDefined": false
      },
      {
        "text": " ",
        "userDefined": false
      },
      {
        "text": "1.75-",
        "meta": "@ct_min",
        "alias": "ct_min",
        "userDefined": true
      },
      {
        "text": "2.25",
        "meta": "@ct_max",
        "alias": "ct_max",
        "userDefined": true
      },
      {
        "text": "ct range with ",
        "userDefined": false
      },
      {
        "text": "SI1+",
        "meta": "@diamond_clarity",
        "alias": "diamond_clarity",
        "userDefined": false
      },
      {
        "text": " and ",
        "userDefined": false
      },
      {
        "text": "I-J",
        "meta": "@diamond_color",
        "alias": "diamond_color",
        "userDefined": true
      },
      {
        "text": " color range",
        "userDefined": false
      }
    ],
    "isTemplate": false,
    "count": 0,
    "lang": "en",
    "updated": 0
  },
  {
    "id": "cbc6a444-9c24-44ae-b729-2c1eb272d9c7",
    "data": [
      {
        "text": "I need a ",
        "userDefined": false
      },
      {
        "text": "pair",
        "meta": "@sys.number-integer",
        "alias": "number-integer",
        "userDefined": true
      },
      {
        "text": " of ",
        "userDefined": false
      },
      {
        "text": "RBs",
        "meta": "@diamond_shape",
        "alias": "diamond_shape",
        "userDefined": true
      },
      {
        "text": ", each weighing ",
        "userDefined": false
      },
      {
        "text": "1.25",
        "meta": "@ct_max",
        "alias": "ct_max",
        "userDefined": true
      },
      {
        "text": " ct with ",
        "userDefined": false
      },
      {
        "text": "VS1",
        "meta": "@diamond_clarity",
        "alias": "diamond_clarity",
        "userDefined": false
      },
      {
        "text": " clarity, ",
        "userDefined": false
      },
      {
        "text": "J",
        "meta": "@diamond_color",
        "alias": "diamond_color",
        "userDefined": false
      },
      {
        "text": " color, and ",
        "userDefined": false
      },
      {
        "text": "Good cut",
        "meta": "@diamond_cut",
        "alias": "diamond_cut",
        "userDefined": false
      },
      {
        "text": ".",
        "userDefined": false
      }
    ],
    "isTemplate": false,
    "count": 0,
    "lang": "en",
    "updated": 0
  },
  {
    "id": "f265216f-0455-4314-bdc8-ec45e8780d54",
    "data": [
      {
        "text": "I\u0027m looking for a ",
        "userDefined": false
      },
      {
        "text": "pair",
        "meta": "@sys.number-integer",
        "alias": "number-integer",
        "userDefined": true
      },
      {
        "text": " of ",
        "userDefined": false
      },
      {
        "text": "cushion",
        "meta": "@diamond_shape",
        "alias": "diamond_shape",
        "userDefined": false
      },
      {
        "text": " cut diamonds, each weighing ",
        "userDefined": false
      },
      {
        "text": "1.5",
        "userDefined": false
      },
      {
        "text": " ct with ",
        "userDefined": false
      },
      {
        "text": "VS",
        "meta": "@diamond_clarity",
        "alias": "diamond_clarity",
        "userDefined": false
      },
      {
        "text": "2",
        "meta": "@diamond_clarity",
        "alias": "diamond_clarity",
        "userDefined": false
      },
      {
        "text": " clarity, ",
        "userDefined": false
      },
      {
        "text": "G",
        "meta": "@diamond_color",
        "alias": "diamond_color",
        "userDefined": false
      },
      {
        "text": " color, and ",
        "userDefined": false
      },
      {
        "text": "Very Good",
        "meta": "@diamond_symmetry",
        "alias": "diamond_symmetry",
        "userDefined": false
      },
      {
        "text": " cut",
        "userDefined": false
      }
    ],
    "isTemplate": false,
    "count": 0,
    "lang": "en",
    "updated": 0
  },
  {
    "id": "58ac4ac5-a4bd-48d5-ad02-c502070d80a2",
    "data": [
      {
        "text": "looking for ",
        "userDefined": false
      },
      {
        "text": "pear",
        "meta": "@diamond_shape",
        "alias": "diamond_shape",
        "userDefined": true
      },
      {
        "text": " shape ",
        "userDefined": false
      },
      {
        "text": "1.5",
        "meta": "@ct_min",
        "alias": "ct_min",
        "userDefined": true
      },
      {
        "text": "-",
        "userDefined": false
      },
      {
        "text": "2",
        "meta": "@ct_max",
        "alias": "ct_max",
        "userDefined": true
      },
      {
        "text": "ct with ",
        "userDefined": false
      },
      {
        "text": "VS1+",
        "meta": "@diamond_clarity",
        "alias": "diamond_clarity",
        "userDefined": true
      },
      {
        "text": " and ",
        "userDefined": false
      },
      {
        "text": "H-K",
        "meta": "@diamond_color",
        "alias": "diamond_color",
        "userDefined": true
      },
      {
        "text": " color range",
        "userDefined": false
      }
    ],
    "isTemplate": false,
    "count": 0,
    "lang": "en",
    "updated": 0
  },
  {
    "id": "4a7de7b7-a5d7-4bec-ab22-b7348ce552f2",
    "data": [
      {
        "text": "can you show me a ",
        "userDefined": false
      },
      {
        "text": "RB",
        "meta": "@diamond_shape",
        "alias": "diamond_shape",
        "userDefined": false
      },
      {
        "text": " ",
        "userDefined": false
      },
      {
        "text": "2",
        "meta": "@ct_max",
        "alias": "ct_max",
        "userDefined": true
      },
      {
        "text": "ct range with ",
        "userDefined": false
      },
      {
        "text": "VVS+",
        "meta": "@diamond_clarity",
        "alias": "diamond_clarity",
        "userDefined": true
      },
      {
        "text": " and ",
        "userDefined": false
      },
      {
        "text": "DEF",
        "meta": "@diamond_color",
        "alias": "diamond_color",
        "userDefined": true
      },
      {
        "text": "?",
        "userDefined": false
      }
    ],
    "isTemplate": false,
    "count": 0,
    "lang": "en",
    "updated": 0
  },
  {
    "id": "306a8ec0-5e78-4b69-9072-d820a6c46b3b",
    "data": [
      {
        "text": "H",
        "meta": "@diamond_shape",
        "alias": "diamond_shape",
        "userDefined": false
      },
      {
        "text": " ",
        "userDefined": false
      },
      {
        "text": "oval",
        "meta": "@diamond_shape",
        "alias": "diamond_shape",
        "userDefined": false
      },
      {
        "text": " ",
        "userDefined": false
      },
      {
        "text": "1.5",
        "meta": "@ct_min",
        "alias": "ct_min",
        "userDefined": false
      },
      {
        "text": "-",
        "userDefined": false
      },
      {
        "text": "2",
        "meta": "@ct_max",
        "alias": "ct_max",
        "userDefined": false
      },
      {
        "text": "ct ",
        "userDefined": false
      },
      {
        "text": "vs",
        "meta": "@diamond_clarity",
        "alias": "diamond_clarity",
        "userDefined": false
      },
      {
        "text": "2",
        "meta": "@diamond_clarity",
        "alias": "diamond_clarity",
        "userDefined": false
      },
      {
        "text": " ",
        "userDefined": false
      },
      {
        "text": "ex",
        "meta": "@diamond_cut",
        "alias": "diamond_cut",
        "userDefined": false
      },
      {
        "text": " ",
        "userDefined": false
      },
      {
        "text": "ex",
        "meta": "@diamond_polish",
        "alias": "diamond_polish",
        "userDefined": false
      },
      {
        "text": " ",
        "userDefined": false
      },
      {
        "text": "d-",
        "meta": "@diamond_color",
        "alias": "diamond_color",
        "userDefined": false
      },
      {
        "text": "f",
        "meta": "@diamond_color",
        "alias": "diamond_color",
        "userDefined": false
      },
      {
        "text": " ",
        "userDefined": false
      },
      {
        "text": "vg+",
        "meta": "@diamond_symmetry",
        "alias": "diamond_symmetry",
        "userDefined": false
      }
    ],
    "isTemplate": false,
    "count": 0,
    "lang": "en",
    "updated": 0
  },
  {
    "id": "05e4d8bc-e86e-4dd5-b4bb-5e46c30a4d99",
    "data": [
      {
        "text": "Can you show me a ",
        "userDefined": false
      },
      {
        "text": "pair",
        "meta": "@sys.number-integer",
        "alias": "number-integer",
        "userDefined": false
      },
      {
        "text": " of ",
        "userDefined": false
      },
      {
        "text": "princess",
        "meta": "@diamond_shape",
        "alias": "diamond_shape",
        "userDefined": false
      },
      {
        "text": " cut diamonds, each weighing ",
        "userDefined": false
      },
      {
        "text": "1.75",
        "meta": "@ct_max",
        "alias": "ct_max",
        "userDefined": true
      },
      {
        "text": " ct with ",
        "userDefined": false
      },
      {
        "text": "VVS2",
        "meta": "@diamond_clarity",
        "alias": "diamond_clarity",
        "userDefined": false
      },
      {
        "text": " clarity, ",
        "userDefined": false
      },
      {
        "text": "E",
        "meta": "@diamond_color",
        "alias": "diamond_color",
        "userDefined": false
      },
      {
        "text": " color, and ",
        "userDefined": false
      },
      {
        "text": "Very Good",
        "meta": "@diamond_cut",
        "alias": "diamond_cut",
        "userDefined": false
      },
      {
        "text": " cut?",
        "userDefined": false
      }
    ],
    "isTemplate": false,
    "count": 0,
    "lang": "en",
    "updated": 0
  },
  {
    "id": "771c8134-2fe5-4185-80fe-330e6719461a",
    "data": [
      {
        "text": "Can you show me a ",
        "userDefined": false
      },
      {
        "text": "pair",
        "meta": "@sys.number-integer",
        "alias": "number-integer",
        "userDefined": false
      },
      {
        "text": " of ",
        "userDefined": false
      },
      {
        "text": "princess",
        "meta": "@diamond_shape",
        "alias": "diamond_shape",
        "userDefined": false
      },
      {
        "text": " cut diamonds, each weighing ",
        "userDefined": false
      },
      {
        "text": "1.75",
        "meta": "@ct_max",
        "alias": "ct_max",
        "userDefined": true
      },
      {
        "text": " ct with ",
        "userDefined": false
      },
      {
        "text": "VVS2",
        "meta": "@diamond_clarity",
        "alias": "diamond_clarity",
        "userDefined": false
      },
      {
        "text": " clarity, ",
        "userDefined": false
      },
      {
        "text": "E",
        "meta": "@diamond_color",
        "alias": "diamond_color",
        "userDefined": false
      },
      {
        "text": " color, and ",
        "userDefined": false
      },
      {
        "text": "Very Good",
        "meta": "@diamond_symmetry",
        "alias": "diamond_symmetry",
        "userDefined": false
      },
      {
        "text": " cut?",
        "userDefined": false
      }
    ],
    "isTemplate": false,
    "count": 0,
    "lang": "en",
    "updated": 0
  }
]