[
  {
    "value": "X",
    "synonyms": [
      "X",
      "EX",
      "EX-",
      "EX+",
      "Excellent",
      "Excellent cut",
      "EX cut"
    ]
  },
  {
    "value": "VG",
    "synonyms": [
      "VG",
      "VG-",
      "VG+",
      "Very Good",
      "very good cut",
      "VG cut",
      "VG+ cut",
      "vg cut"
    ]
  },
  {
    "value": "G",
    "synonyms": [
      "G",
      "G-",
      "G+",
      "Good",
      "good cut",
      "g cut"
    ]
  },
  {
    "value": "F",
    "synonyms": [
      "F",
      "Fair",
      "fair cut",
      "f cut"
    ]
  },
  {
    "value": "P",
    "synonyms": [
      "P",
      "Poor",
      "poor cut"
    ]
  }
]