[
  {
    "value": "X",
    "synonyms": [
      "X",
      "EX",
      "X-",
      "X+",
      "Excellent"
    ]
  },
  {
    "value": "VG",
    "synonyms": [
      "VG",
      "VG-",
      "VG+",
      "Very Good"
    ]
  },
  {
    "value": "G",
    "synonyms": [
      "G",
      "G-",
      "G+",
      "Good"
    ]
  },
  {
    "value": "F",
    "synonyms": [
      "F",
      "Fair"
    ]
  },
  {
    "value": "P",
    "synonyms": [
      "P",
      "Poor"
    ]
  },
  {
    "value": "none",
    "synonyms": [
      "none",
      "None"
    ]
  }
]